AwayDiff,AwayOutcome,AwayTeam,Date_Time,Game_State,HomeDiff,HomeOutcome,HomeTeam,Sb_id,Score,Sport,Total,__id__,id,awayDiff,awayOutcome,awayTeam,dateTime,gameState,homeDiff,homeOutcome,homeTeam,sbId,score,sport,total
"-11","L","Golden State Warriors","2022-03-25T19:30:00","Final","11","W","Atlanta Hawks","17793","121-110","NBA","231","ATLGS3252022","ATLGS3252022","","","","","","","","","","","",""
"-3","L","Indiana Pacers","2022-03-13T19:00:00","Final","3","W","Atlanta Hawks","17707","131-128","NBA","259","ATLIND3132022","ATLIND3132022","","","","","","","","","","","",""
"-6","L","Los Angeles Clippers","2022-03-11T19:30:00","Final","6","W","Atlanta Hawks","17687","112-106","NBA","218","ATLLAC3112022","ATLLAC3112022","","","","","","","","","","","",""
"-15","L","Memphis Grizzlies","2022-03-18T19:30:00","Final","15","W","Atlanta Hawks","17738","120-105","NBA","225","ATLMEM3182022","ATLMEM3182022","","","","","","","","","","","",""
"","","","","","","","","","","","","ATLMIA4222022","ATLMIA4222022","-1","L","Miami Heat","2022-04-22T19:00:00","Final","1","W","Atlanta Hawks","18061","111-110","NBA","221"
"","","","","","","","","","","","","ATLMIA4242022","ATLMIA4242022","24","W","Miami Heat","2022-04-24T19:00:00","Final","-24","L","Atlanta Hawks","18063","86-110","NBA","196"
"5","W","New Orleans Pelicans","2022-03-20T18:00:00","Final","-5","L","Atlanta Hawks","17755","112-117","NBA","229","ATLNO3202022","ATLNO3202022","","","","","","","","","","","",""
"-9","L","Portland Trail Blazers","2022-03-14T19:30:00","Final","9","W","Atlanta Hawks","17712","122-113","NBA","235","ATLPOR3142022","ATLPOR3142022","","","","","","","","","","","",""
"","","","","","","","","","","","","BKNBOS4232022","BKNBOS4232022","6","W","Boston Celtics","2022-04-23T19:30:00","Final","-6","L","Brooklyn Nets","18030","103-109","NBA","212"
"","","","","","","","","","","","","BKNBOS4252022","BKNBOS4252022","4","W","Boston Celtics","2022-04-25T19:00:00","Final","-4","L","Brooklyn Nets","18036","112-116","NBA","228"
"9","W","Charlotte Hornets","2022-03-27T19:30:00","Final","-9","L","Brooklyn Nets","17812","110-119","NBA","229","BKNCHA3272022","BKNCHA3272022","","","","","","","","","","","",""
"2","W","Dallas Mavericks","2022-03-16T19:30:00","Final","-2","L","Brooklyn Nets","17727","111-113","NBA","224","BKNDAL3162022","BKNDAL3162022","","","","","","","","","","","",""
"-7","L","Detroit Pistons","2022-03-29T19:30:00","Final","7","W","Brooklyn Nets","17825","130-123","NBA","253","BKNDET3292022","BKNDET3292022","","","","","","","","","","","",""
"-3","L","New York Knicks","2022-03-13T13:00:00","Final","3","W","Brooklyn Nets","17703","110-107","NBA","217","BKNNY3132022","BKNNY3132022","","","","","","","","","","","",""
"-5","L","Portland Trail Blazers","2022-03-18T19:30:00","Final","5","W","Brooklyn Nets","17740","128-123","NBA","251","BKNPOR3182022","BKNPOR3182022","","","","","","","","","","","",""
"-8","L","Utah Jazz","2022-03-21T19:30:00","Final","8","W","Brooklyn Nets","17766","114-106","NBA","220","BKNUTA3212022","BKNUTA3212022","","","","","","","","","","","",""
"","","","","","","","","","","","","BOSBKN4172022","BOSBKN4172022","-1","L","Brooklyn Nets","2022-04-17T15:30:00","Final","1","W","Boston Celtics","18018","115-114","NBA","229"
"","","","","","","","","","","","","BOSBKN4202022","BOSBKN4202022","-7","L","Brooklyn Nets","2022-04-20T19:00:00","Final","7","W","Boston Celtics","18023","114-107","NBA","221"
"3","W","Dallas Mavericks","2022-03-13T15:30:00","Final","-3","L","Boston Celtics","17705","92-95","NBA","187","BOSDAL3132022","BOSDAL3132022","","","","","","","","","","","",""
"-11","L","Detroit Pistons","2022-03-11T19:30:00","Final","11","W","Boston Celtics","17688","114-103","NBA","217","BOSDET3112022","BOSDET3112022","","","","","","","","","","","",""
"","","","","","","","","","","","","BOSMIL532022","BOSMIL532022","-23","L","Milwaukee Bucks","2022-05-03T19:00:00","Final","23","W","Boston Celtics","18072","109-86","NBA","195"
"-22","L","Minnesota Timberwolves","2022-03-27T18:00:00","Final","22","W","Boston Celtics","17807","134-112","NBA","246","BOSMIN3272022","BOSMIN3272022","","","","","","","","","","","",""
"-28","L","Utah Jazz","2022-03-23T19:30:00","Final","28","W","Boston Celtics","17778","125-97","NBA","222","BOSUTA3232022","BOSUTA3232022","","","","","","","","","","","",""
"-10","L","Atlanta Hawks","2022-03-16T19:00:00","Final","10","W","Charlotte Hornets","17726","116-106","NBA","222","CHAATL3162022","CHAATL3162022","","","","","","","","","","","",""
"14","W","Boston Celtics","2022-03-09T19:00:00","Final","-14","L","Charlotte Hornets","17673","101-115","NBA","216","CHABOS392022","CHABOS392022","","","","","","","","","","","",""
"-21","L","Dallas Mavericks","2022-03-19T19:00:00","Final","21","W","Charlotte Hornets","17750","129-108","NBA","237","CHADAL3192022","CHADAL3192022","","","","","","","","","","","",""
"4","W","Denver Nuggets","2022-03-28T19:00:00","Final","-4","L","Charlotte Hornets","17815","109-113","NBA","222","CHADEN3282022","CHADEN3282022","","","","","","","","","","","",""
"-3","L","New Orleans Pelicans","2022-03-21T19:00:00","Final","3","W","Charlotte Hornets","17765","106-103","NBA","209","CHANO3212022","CHANO3212022","","","","","","","","","","","",""
"15","W","New York Knicks","2022-03-23T19:00:00","Final","-15","L","Charlotte Hornets","17777","106-121","NBA","227","CHANY3232022","CHANY3232022","","","","","","","","","","","",""
"-6","L","Utah Jazz","2022-03-25T19:00:00","Final","6","W","Charlotte Hornets","17792","107-101","NBA","208","CHAUTA3252022","CHAUTA3252022","","","","","","","","","","","",""
"-10","L","Cleveland Cavaliers","2022-03-12T20:00:00","Final","10","W","Chicago Bulls","17696","101-91","NBA","192","CHICLE3122022","CHICLE3122022","","","","","","","","","","","",""
"","","","","","","","","","","","","CHIMIL4222022","CHIMIL4222022","30","W","Milwaukee Bucks","2022-04-22T20:30:00","Final","-30","L","Chicago Bulls","18029","81-111","NBA","192"
"","","","","","","","","","","","","CHIMIL4242022","CHIMIL4242022","24","W","Milwaukee Bucks","2022-04-24T13:00:00","Final","-24","L","Chicago Bulls","18034","95-119","NBA","214"
"-14","L","Toronto Raptors","2022-03-21T20:00:00","Final","14","W","Chicago Bulls","17767","113-99","NBA","212","CHITOR3212022","CHITOR3212022","","","","","","","","","","","",""
"4","W","Chicago Bulls","2022-03-26T20:00:00","Final","-4","L","Cleveland Cavaliers","17801","94-98","NBA","192","CLECHI3262022","CLECHI3262022","","","","","","","","","","","",""
"-3","L","Denver Nuggets","2022-03-18T19:30:00","F/OT","3","W","Cleveland Cavaliers","17739","119-116","NBA","235","CLEDEN3182022","CLEDEN3182022","","","","","","","","","","","",""
"-4","L","Detroit Pistons","2022-03-19T20:00:00","Final","4","W","Cleveland Cavaliers","17751","113-109","NBA","222","CLEDET3192022","CLEDET3192022","","","","","","","","","","","",""
"-9","L","Los Angeles Clippers","2022-03-14T19:00:00","F/OT","9","W","Cleveland Cavaliers","17711","120-111","NBA","231","CLELAC3142022","CLELAC3142022","","","","","","","","","","","",""
"11","W","Los Angeles Lakers","2022-03-21T19:00:00","Final","-11","L","Cleveland Cavaliers","17762","120-131","NBA","251","CLELAL3212022","CLELAL3212022","","","","","","","","","","","",""
"-6","L","Orlando Magic","2022-03-28T19:00:00","Final","6","W","Cleveland Cavaliers","17813","107-101","NBA","208","CLEORL3282022","CLEORL3282022","","","","","","","","","","","",""
"4","W","Philadelphia 76ers","2022-03-16T19:00:00","Final","-4","L","Cleveland Cavaliers","17725","114-118","NBA","232","CLEPHI3162022","CLEPHI3162022","","","","","","","","","","","",""
"-19","L","Houston Rockets","2022-03-23T20:30:00","Final","19","W","Dallas Mavericks","17783","110-91","NBA","201","DALHOU3232022","DALHOU3232022","","","","","","","","","","","",""
"-18","L","Los Angeles Lakers","2022-03-29T19:30:00","Final","18","W","Dallas Mavericks","17824","128-110","NBA","238","DALLAL3292022","DALLAL3292022","","","","","","","","","","","",""
"-2","L","Minnesota Timberwolves","2022-03-21T20:30:00","Final","2","W","Dallas Mavericks","17770","110-108","NBA","218","DALMIN3212022","DALMIN3212022","","","","","","","","","","","",""
"30","W","New York Knicks","2022-03-09T20:30:00","Final","-30","L","Dallas Mavericks","17679","77-107","NBA","184","DALNY392022","DALNY392022","","","","","","","","","","","",""
"-14","L","Utah Jazz","2022-03-27T19:30:00","Final","14","W","Dallas Mavericks","17811","114-100","NBA","214","DALUTA3272022","DALUTA3272022","","","","","","","","","","","",""
"","","","","","","","","","","","","DALUTA4162022","DALUTA4162022","6","W","Utah Jazz","2022-04-16T13:00:00","Final","-6","L","Dallas Mavericks","18013","93-99","NBA","192"
"","","","","","","","","","","","","DALUTA4182022","DALUTA4182022","-6","L","Utah Jazz","2022-04-18T20:30:00","Final","6","W","Dallas Mavericks","18020","110-104","NBA","214"
"","","","","","","","","","","","","DALUTA4252022","DALUTA4252022","-25","L","Utah Jazz","2022-04-25T21:30:00","Final","25","W","Dallas Mavericks","18037","102-77","NBA","179"
"20","W","Boston Celtics","2022-03-20T20:00:00","Final","-20","L","Denver Nuggets","17759","104-124","NBA","228","DENBOS3202022","DENBOS3202022","","","","","","","","","","","",""
"11","W","Golden State Warriors","2022-03-10T22:00:00","Final","-11","L","Denver Nuggets","17685","102-113","NBA","215","DENGS3102022","DENGS3102022","","","","","","","","","","","",""
"","","","","","","","","","","","","DENGS4212022","DENGS4212022","5","W","Golden State Warriors","2022-04-21T22:00:00","Final","-5","L","Denver Nuggets","18028","113-118","NBA","231"
"","","","","","","","","","","","","DENGS4242022","DENGS4242022","-5","L","Golden State Warriors","2022-04-24T15:30:00","Final","5","W","Denver Nuggets","18035","126-121","NBA","247"
"-12","L","Los Angeles Clippers","2022-03-22T22:00:00","Final","12","W","Denver Nuggets","17774","127-115","NBA","242","DENLAC3222022","DENLAC3222022","","","","","","","","","","","",""
"-6","L","Oklahoma City Thunder","2022-03-26T21:00:00","Final","6","W","Denver Nuggets","17804","113-107","NBA","220","DENOKC3262022","DENOKC3262022","","","","","","","","","","","",""
"10","W","Phoenix Suns","2022-03-24T21:00:00","Final","-10","L","Denver Nuggets","17790","130-140","NBA","270","DENPHO3242022","DENPHO3242022","","","","","","","","","","","",""
"12","W","Toronto Raptors","2022-03-12T21:00:00","Final","-12","L","Denver Nuggets","17700","115-127","NBA","242","DENTOR3122022","DENTOR3122022","","","","","","","","","","","",""
"-21","L","Atlanta Hawks","2022-03-23T19:00:00","Final","21","W","Detroit Pistons","17775","122-101","NBA","223","DETATL3232022","DETATL3232022","","","","","","","","","","","",""
"6","W","Chicago Bulls","2022-03-09T19:00:00","Final","-6","L","Detroit Pistons","17672","108-114","NBA","222","DETCHI392022","DETCHI392022","","","","","","","","","","","",""
"4","W","Los Angeles Clippers","2022-03-13T15:00:00","Final","-4","L","Detroit Pistons","17704","102-106","NBA","208","DETLAC3132022","DETLAC3132022","","","","","","","","","","","",""
"2","W","New York Knicks","2022-03-27T15:30:00","Final","-2","L","Detroit Pistons","17806","102-104","NBA","206","DETNY3272022","DETNY3272022","","","","","","","","","","","",""
"4","W","Portland Trail Blazers","2022-03-21T19:00:00","Final","-4","L","Detroit Pistons","17763","115-119","NBA","234","DETPOR3212022","DETPOR3212022","","","","","","","","","","","",""
"3","W","Washington Wizards","2022-03-25T19:00:00","Final","-3","L","Detroit Pistons","17791","97-100","NBA","197","DETWAS3252022","DETWAS3252022","","","","","","","","","","","",""
"22","W","Boston Celtics","2022-03-16T22:00:00","Final","-22","L","Golden State Warriors","17733","88-110","NBA","198","GSBOS3162022","GSBOS3162022","","","","","","","","","","","",""
"","","","","","","","","","","","","GSDEN4162022","GSDEN4162022","-16","L","Denver Nuggets","2022-04-16T20:30:00","Final","16","W","Golden State Warriors","18015","123-107","NBA","230"
"","","","","","","","","","","","","GSDEN4182022","GSDEN4182022","-20","L","Denver Nuggets","2022-04-18T22:00:00","Final","20","W","Golden State Warriors","18021","126-106","NBA","232"
"-13","L","Milwaukee Bucks","2022-03-12T20:30:00","Final","13","W","Golden State Warriors","17699","122-109","NBA","231","GSMIL3122022","GSMIL3122022","","","","","","","","","","","",""
"2","W","San Antonio Spurs","2022-03-20T20:30:00","Final","-2","L","Golden State Warriors","17760","108-110","NBA","218","GSSA3202022","GSSA3202022","","","","","","","","","","","",""
"-14","L","Washington Wizards","2022-03-14T22:00:00","Final","14","W","Golden State Warriors","17716","126-112","NBA","238","GSWAS3142022","GSWAS3142022","","","","","","","","","","","",""
"13","W","Dallas Mavericks","2022-03-11T20:00:00","Final","-13","L","Houston Rockets","17690","100-113","NBA","213","HOUDAL3112022","HOUDAL3112022","","","","","","","","","","","",""
"3","W","Indiana Pacers","2022-03-18T20:00:00","Final","-3","L","Houston Rockets","17743","118-121","NBA","239","HOUIND3182022","HOUIND3182022","","","","","","","","","","","",""
"-9","L","Los Angeles Lakers","2022-03-09T20:00:00","F/OT","9","W","Houston Rockets","17677","139-130","NBA","269","HOULAL392022","HOULAL392022","","","","","","","","","","","",""
"24","W","Memphis Grizzlies","2022-03-20T15:30:00","Final","-24","L","Houston Rockets","17753","98-122","NBA","220","HOUMEM3202022","HOUMEM3202022","","","","","","","","","","","",""
"17","W","Phoenix Suns","2022-03-16T20:00:00","Final","-17","L","Houston Rockets","17729","112-129","NBA","241","HOUPHO3162022","HOUPHO3162022","","","","","","","","","","","",""
"3","W","San Antonio Spurs","2022-03-28T20:00:00","Final","-3","L","Houston Rockets","17819","120-123","NBA","243","HOUSA3282022","HOUSA3282022","","","","","","","","","","","",""
"-18","L","Washington Wizards","2022-03-21T20:00:00","Final","18","W","Houston Rockets","17768","115-97","NBA","212","HOUWAS3212022","HOUWAS3212022","","","","","","","","","","","",""
"9","W","Atlanta Hawks","2022-03-28T19:00:00","Final","-9","L","Indiana Pacers","17814","123-132","NBA","255","INDATL3282022","INDATL3282022","","","","","","","","","","","",""
"33","W","Memphis Grizzlies","2022-03-15T19:00:00","Final","-33","L","Indiana Pacers","17720","102-135","NBA","237","INDMEM3152022","INDMEM3152022","","","","","","","","","","","",""
"-31","L","Portland Trail Blazers","2022-03-20T15:30:00","Final","31","W","Indiana Pacers","17754","129-98","NBA","227","INDPOR3202022","INDPOR3202022","","","","","","","","","","","",""
"1","W","Sacramento Kings","2022-03-23T19:00:00","Final","-1","L","Indiana Pacers","17776","109-110","NBA","219","INDSAC3232022","INDSAC3232022","","","","","","","","","","","",""
"25","W","Philadelphia 76ers","2022-03-25T22:30:00","Final","-25","L","Los Angeles Clippers","17797","97-122","NBA","219","LACPHI3252022","LACPHI3252022","","","","","","","","","","","",""
"3","W","Toronto Raptors","2022-03-16T22:30:00","Final","-3","L","Los Angeles Clippers","17735","100-103","NBA","203","LACTOR3162022","LACTOR3162022","","","","","","","","","","","",""
"-6","L","Utah Jazz","2022-03-29T22:00:00","Final","6","W","Los Angeles Clippers","17826","121-115","NBA","236","LACUTA3292022","LACUTA3292022","","","","","","","","","","","",""
"-6","L","Washington Wizards","2022-03-09T22:30:00","Final","6","W","Los Angeles Clippers","17683","115-109","NBA","224","LACWAS392022","LACWAS392022","","","","","","","","","","","",""
"5","W","Philadelphia 76ers","2022-03-23T22:00:00","Final","-5","L","Los Angeles Lakers","17784","121-126","NBA","247","LALPHI3232022","LALPHI3232022","","","","","","","","","","","",""
"11","W","Toronto Raptors","2022-03-14T22:30:00","Final","-11","L","Los Angeles Lakers","17718","103-114","NBA","217","LALTOR3142022","LALTOR3142022","","","","","","","","","","","",""
"-13","L","Washington Wizards","2022-03-11T22:30:00","Final","13","W","Los Angeles Lakers","17695","122-109","NBA","231","LALWAS3112022","LALWAS3112022","","","","","","","","","","","",""
"-12","L","Brooklyn Nets","2022-03-23T19:30:00","Final","12","W","Memphis Grizzlies","17780","132-120","NBA","252","MEMBKN3232022","MEMBKN3232022","","","","","","","","","","","",""
"-28","L","Golden State Warriors","2022-03-28T20:00:00","Final","28","W","Memphis Grizzlies","17820","123-95","NBA","218","MEMGS3282022","MEMGS3282022","","","","","","","","","","","",""
"","","","","","","","","","","","","MEMGS532022","MEMGS532022","-5","L","Golden State Warriors","2022-05-03T21:30:00","Final","5","W","Memphis Grizzlies","18093","106-101","NBA","207"
"-30","L","Indiana Pacers","2022-03-24T20:00:00","Final","30","W","Memphis Grizzlies","17789","133-103","NBA","236","MEMIND3242022","MEMIND3242022","","","","","","","","","","","",""
"-25","L","Milwaukee Bucks","2022-03-26T20:00:00","Final","25","W","Memphis Grizzlies","17803","127-102","NBA","229","MEMMIL3262022","MEMMIL3262022","","","","","","","","","","","",""
"","","","","","","","","","","","","MEMMIN4162022","MEMMIN4162022","13","W","Minnesota Timberwolves","2022-04-16T15:30:00","Final","-13","L","Memphis Grizzlies","18017","117-130","NBA","247"
"","","","","","","","","","","","","MEMMIN4192022","MEMMIN4192022","-28","L","Minnesota Timberwolves","2022-04-19T20:30:00","Final","28","W","Memphis Grizzlies","18022","124-96","NBA","220"
"","","","","","","","","","","","","MEMMIN4262022","MEMMIN4262022","-2","L","Minnesota Timberwolves","2022-04-26T19:30:00","Final","2","W","Memphis Grizzlies","18039","111-109","NBA","220"
"-4","L","New York Knicks","2022-03-11T20:00:00","Final","4","W","Memphis Grizzlies","17692","118-114","NBA","232","MEMNY3112022","MEMNY3112022","","","","","","","","","","","",""
"","","","","","","","","","","","","MIAATL4172022","MIAATL4172022","-24","L","Atlanta Hawks","2022-04-17T13:00:00","Final","24","W","Miami Heat","18057","115-91","NBA","206"
"","","","","","","","","","","","","MIAATL4192022","MIAATL4192022","-10","L","Atlanta Hawks","2022-04-19T19:30:00","Final","10","W","Miami Heat","18059","115-105","NBA","220"
"","","","","","","","","","","","","MIAATL4262022","MIAATL4262022","-3","L","Atlanta Hawks","2022-04-26T19:00:00","Final","3","W","Miami Heat","18065","97-94","NBA","191"
"15","W","Brooklyn Nets","2022-03-26T20:00:00","Final","-15","L","Miami Heat","17802","95-110","NBA","205","MIABKN3262022","MIABKN3262022","","","","","","","","","","","",""
"-12","L","Cleveland Cavaliers","2022-03-11T20:00:00","Final","12","W","Miami Heat","17691","117-105","NBA","222","MIACLE3112022","MIACLE3112022","","","","","","","","","","","",""
"-7","L","Detroit Pistons","2022-03-15T19:30:00","Final","7","W","Miami Heat","17722","105-98","NBA","203","MIADET3152022","MIADET3152022","","","","","","","","","","","",""
"14","W","Golden State Warriors","2022-03-23T19:30:00","Final","-14","L","Miami Heat","17779","104-118","NBA","222","MIAGS3232022","MIAGS3232022","","","","","","","","","","","",""
"9","W","Minnesota Timberwolves","2022-03-12T20:00:00","Final","-9","L","Miami Heat","17697","104-113","NBA","217","MIAMIN3122022","MIAMIN3122022","","","","","","","","","","","",""
"8","W","New York Knicks","2022-03-25T20:00:00","Final","-8","L","Miami Heat","17794","103-111","NBA","214","MIANY3252022","MIANY3252022","","","","","","","","","","","",""
"-12","L","Oklahoma City Thunder","2022-03-18T20:00:00","Final","12","W","Miami Heat","17744","120-108","NBA","228","MIAOKC3182022","MIAOKC3182022","","","","","","","","","","","",""
"","","","","","","","","","","","","MIAPHI522022","MIAPHI522022","-14","L","Philadelphia 76ers","2022-05-02T19:30:00","Final","14","W","Miami Heat","18078","106-92","NBA","198"
"21","W","Phoenix Suns","2022-03-09T19:30:00","Final","-21","L","Miami Heat","17674","90-111","NBA","201","MIAPHO392022","MIAPHO392022","","","","","","","","","","","",""
"-23","L","Sacramento Kings","2022-03-28T19:30:00","Final","23","W","Miami Heat","17816","123-100","NBA","223","MIASAC3282022","MIASAC3282022","","","","","","","","","","","",""
"-9","L","Atlanta Hawks","2022-03-09T20:00:00","Final","9","W","Milwaukee Bucks","17675","124-115","NBA","239","MILATL392022","MILATL392022","","","","","","","","","","","",""
"-28","L","Chicago Bulls","2022-03-22T20:00:00","Final","28","W","Milwaukee Bucks","17773","126-98","NBA","224","MILCHI3222022","MILCHI3222022","","","","","","","","","","","",""
"","","","","","","","","","","","","MILCHI4172022","MILCHI4172022","-7","L","Chicago Bulls","2022-04-17T18:30:00","Final","7","W","Milwaukee Bucks","18016","93-86","NBA","179"
"","","","","","","","","","","","","MILCHI4202022","MILCHI4202022","4","W","Chicago Bulls","2022-04-20T21:30:00","Final","-4","L","Milwaukee Bucks","18025","110-114","NBA","224"
"-12","L","Washington Wizards","2022-03-24T20:00:00","Final","12","W","Milwaukee Bucks","17788","114-102","NBA","216","MILWAS3242022","MILWAS3242022","","","","","","","","","","","",""
"-21","L","Dallas Mavericks","2022-03-25T20:00:00","Final","21","W","Minnesota Timberwolves","17795","116-95","NBA","211","MINDAL3252022","MINDAL3252022","","","","","","","","","","","",""
"-20","L","Los Angeles Lakers","2022-03-16T20:00:00","Final","20","W","Minnesota Timberwolves","17730","124-104","NBA","228","MINLAL3162022","MINLAL3162022","","","","","","","","","","","",""
"","","","","","","","","","","","","MINMEM4212022","MINMEM4212022","9","W","Memphis Grizzlies","2022-04-21T19:30:00","Final","-9","L","Minnesota Timberwolves","18026","95-104","NBA","199"
"","","","","","","","","","","","","MINMEM4232022","MINMEM4232022","-1","L","Memphis Grizzlies","2022-04-23T22:00:00","Final","1","W","Minnesota Timberwolves","18031","119-118","NBA","237"
"-19","L","Milwaukee Bucks","2022-03-19T17:00:00","Final","19","W","Minnesota Timberwolves","17749","138-119","NBA","257","MINMIL3192022","MINMIL3192022","","","","","","","","","","","",""
"-30","L","Oklahoma City Thunder","2022-03-09T20:00:00","Final","30","W","Minnesota Timberwolves","17678","132-102","NBA","234","MINOKC392022","MINOKC392022","","","","","","","","","","","",""
"9","W","Phoenix Suns","2022-03-23T20:00:00","Final","-9","L","Minnesota Timberwolves","17781","116-125","NBA","241","MINPHO3232022","MINPHO3232022","","","","","","","","","","","",""
"22","W","Charlotte Hornets","2022-03-11T20:00:00","Final","-22","L","New Orleans Pelicans","17689","120-142","NBA","262","NOCHA3112022","NOCHA3112022","","","","","","","","","","","",""
"-17","L","Chicago Bulls","2022-03-24T20:00:00","Final","17","W","New Orleans Pelicans","17787","126-109","NBA","235","NOCHI3242022","NOCHI3242022","","","","","","","","","","","",""
"-25","L","Houston Rockets","2022-03-13T19:00:00","Final","25","W","New Orleans Pelicans","17708","130-105","NBA","235","NOHOU3132022","NOHOU3132022","","","","","","","","","","","",""
"-8","L","Los Angeles Lakers","2022-03-27T19:00:00","Final","8","W","New Orleans Pelicans","17810","116-108","NBA","224","NOLAL3272022","NOLAL3272022","","","","","","","","","","","",""
"6","W","Orlando Magic","2022-03-09T20:00:00","Final","-6","L","New Orleans Pelicans","17676","102-108","NBA","210","NOORL392022","NOORL392022","","","","","","","","","","","",""
"16","W","Phoenix Suns","2022-03-15T20:00:00","Final","-16","L","New Orleans Pelicans","17723","115-131","NBA","246","NOPHO3152022","NOPHO3152022","","","","","","","","","","","",""
"","","","","","","","","","","","","NOPHO4222022","NOPHO4222022","3","W","Phoenix Suns","2022-04-22T21:30:00","Final","-3","L","New Orleans Pelicans","18062","111-114","NBA","225"
"","","","","","","","","","","","","NOPHO4242022","NOPHO4242022","-15","L","Phoenix Suns","2022-04-24T21:30:00","Final","15","W","New Orleans Pelicans","18064","118-103","NBA","221"
"4","W","San Antonio Spurs","2022-03-26T17:00:00","Final","-4","L","New Orleans Pelicans","17798","103-107","NBA","210","NOSA3262022","NOSA3262022","","","","","","","","","","","",""
"6","W","Atlanta Hawks","2022-03-22T19:30:00","Final","-6","L","New York Knicks","17772","111-117","NBA","228","NYATL3222022","NYATL3222022","","","","","","","","","","","",""
"-5","L","Chicago Bulls","2022-03-28T19:30:00","Final","5","W","New York Knicks","17817","109-104","NBA","213","NYCHI3282022","NYCHI3282022","","","","","","","","","","","",""
"-30","L","Portland Trail Blazers","2022-03-16T19:30:00","Final","30","W","New York Knicks","17728","128-98","NBA","226","NYPOR3162022","NYPOR3162022","","","","","","","","","","","",""
"15","W","Utah Jazz","2022-03-20T19:30:00","Final","-15","L","New York Knicks","17758","93-108","NBA","201","NYUTA3202022","NYUTA3202022","","","","","","","","","","","",""
"-3","L","Washington Wizards","2022-03-18T19:30:00","Final","3","W","New York Knicks","17741","100-97","NBA","197","NYWAS3182022","NYWAS3182022","","","","","","","","","","","",""
"9","W","Boston Celtics","2022-03-21T20:00:00","Final","-9","L","Oklahoma City Thunder","17769","123-132","NBA","255","OKCBOS3212022","OKCBOS3212022","","","","","","","","","","","",""
"18","W","Charlotte Hornets","2022-03-14T20:00:00","Final","-18","L","Oklahoma City Thunder","17714","116-134","NBA","250","OKCCHA3142022","OKCCHA3142022","","","","","","","","","","","",""
"7","W","Memphis Grizzlies","2022-03-13T19:00:00","Final","-7","L","Oklahoma City Thunder","17709","118-125","NBA","243","OKCMEM3132022","OKCMEM3132022","","","","","","","","","","","",""
"-16","L","Orlando Magic","2022-03-23T20:00:00","Final","16","W","Oklahoma City Thunder","17782","118-102","NBA","220","OKCORL3232022","OKCORL3232022","","","","","","","","","","","",""
"42","W","Brooklyn Nets","2022-03-15T19:00:00","Final","-42","L","Orlando Magic","17721","108-150","NBA","258","ORLBKN3152022","ORLBKN3152022","","","","","","","","","","","",""
"14","W","Detroit Pistons","2022-03-17T19:00:00","Final","-14","L","Orlando Magic","17736","120-134","NBA","254","ORLDET3172022","ORLDET3172022","","","","","","","","","","","",""
"-4","L","Golden State Warriors","2022-03-22T19:00:00","Final","4","W","Orlando Magic","17771","94-90","NBA","184","ORLGS3222022","ORLGS3222022","","","","","","","","","","","",""
"-8","L","Minnesota Timberwolves","2022-03-11T19:00:00","Final","8","W","Orlando Magic","17686","118-110","NBA","228","ORLMIN3112022","ORLMIN3112022","","","","","","","","","","","",""
"-5","L","Oklahoma City Thunder","2022-03-20T18:00:00","Final","5","W","Orlando Magic","17756","90-85","NBA","175","ORLOKC3202022","ORLOKC3202022","","","","","","","","","","","",""
"2","W","Philadelphia 76ers","2022-03-13T18:00:00","F/OT","-2","L","Orlando Magic","17706","114-116","NBA","230","ORLPHI3132022","ORLPHI3132022","","","","","","","","","","","",""
"4","W","Sacramento Kings","2022-03-26T19:00:00","F/OT","-4","L","Orlando Magic","17799","110-114","NBA","224","ORLSAC3262022","ORLSAC3262022","","","","","","","","","","","",""
"29","W","Brooklyn Nets","2022-03-10T19:30:00","Final","-29","L","Philadelphia 76ers","17684","100-129","NBA","229","PHIBKN3102022","PHIBKN3102022","","","","","","","","","","","",""
"-10","L","Dallas Mavericks","2022-03-18T19:00:00","Final","10","W","Philadelphia 76ers","17737","111-101","NBA","212","PHIDAL3182022","PHIDAL3182022","","","","","","","","","","","",""
"4","W","Denver Nuggets","2022-03-14T19:30:00","Final","-4","L","Philadelphia 76ers","17713","110-114","NBA","224","PHIDEN3142022","PHIDEN3142022","","","","","","","","","","","",""
"-7","L","Miami Heat","2022-03-21T19:30:00","Final","7","W","Philadelphia 76ers","17764","113-106","NBA","219","PHIMIA3212022","PHIMIA3212022","","","","","","","","","","","",""
"2","W","Milwaukee Bucks","2022-03-29T19:00:00","Final","-2","L","Philadelphia 76ers","17822","116-118","NBA","234","PHIMIL3292022","PHIMIL3292022","","","","","","","","","","","",""
"5","W","Toronto Raptors","2022-03-20T20:30:00","Final","-5","L","Philadelphia 76ers","17761","88-93","NBA","181","PHITOR3202022","PHITOR3202022","","","","","","","","","","","",""
"","","","","","","","","","","","","PHITOR4162022","PHITOR4162022","-20","L","Toronto Raptors","2022-04-16T18:00:00","Final","20","W","Philadelphia 76ers","18014","131-111","NBA","242"
"","","","","","","","","","","","","PHITOR4182022","PHITOR4182022","-15","L","Toronto Raptors","2022-04-18T19:30:00","Final","15","W","Philadelphia 76ers","18019","112-97","NBA","209"
"","","","","","","","","","","","","PHITOR4252022","PHITOR4252022","15","W","Toronto Raptors","2022-04-25T20:00:00","Final","-15","L","Philadelphia 76ers","18038","88-103","NBA","191"
"-27","L","Chicago Bulls","2022-03-18T22:00:00","Final","27","W","Phoenix Suns","17747","129-102","NBA","231","PHOCHI3182022","PHOCHI3182022","","","","","","","","","","","",""
"","","","","","","","","","","","","PHODAL522022","PHODAL522022","-7","L","Dallas Mavericks","2022-05-02T22:00:00","Final","7","W","Phoenix Suns","18085","121-114","NBA","235"
"-29","L","Los Angeles Lakers","2022-03-13T21:00:00","Final","29","W","Phoenix Suns","17710","140-111","NBA","251","PHOLAL3132022","PHOLAL3132022","","","","","","","","","","","",""
"","","","","","","","","","","","","PHONO4172022","PHONO4172022","-11","L","New Orleans Pelicans","2022-04-17T21:00:00","Final","11","W","Phoenix Suns","18058","110-99","NBA","209"
"","","","","","","","","","","","","PHONO4192022","PHONO4192022","11","W","New Orleans Pelicans","2022-04-19T22:00:00","Final","-11","L","Phoenix Suns","18060","114-125","NBA","239"
"-10","L","Philadelphia 76ers","2022-03-27T18:00:00","Final","10","W","Phoenix Suns","17808","114-104","NBA","218","PHOPHI3272022","PHOPHI3272022","","","","","","","","","","","",""
"5","W","Toronto Raptors","2022-03-11T21:00:00","Final","-5","L","Phoenix Suns","17694","112-117","NBA","229","PHOTOR3112022","PHOTOR3112022","","","","","","","","","","","",""
"19","W","Houston Rockets","2022-03-25T22:00:00","Final","-19","L","Portland Trail Blazers","17796","106-125","NBA","231","PORHOU3252022","PORHOU3252022","","","","","","","","","","","",""
"17","W","Houston Rockets","2022-03-26T22:00:00","Final","-17","L","Portland Trail Blazers","17805","98-115","NBA","213","PORHOU3262022","PORHOU3262022","","","","","","","","","","","",""
"3","W","Oklahoma City Thunder","2022-03-28T22:00:00","F/OT","-3","L","Portland Trail Blazers","17821","131-134","NBA","265","POROKC3282022","POROKC3282022","","","","","","","","","","","",""
"37","W","San Antonio Spurs","2022-03-23T22:00:00","Final","-37","L","Portland Trail Blazers","17785","96-133","NBA","229","PORSA3232022","PORSA3232022","","","","","","","","","","","",""
"-9","L","Washington Wizards","2022-03-12T22:00:00","Final","9","W","Portland Trail Blazers","17701","127-118","NBA","245","PORWAS3122022","PORWAS3122022","","","","","","","","","","","",""
"29","W","Boston Celtics","2022-03-18T22:00:00","Final","-29","L","Sacramento Kings","17748","97-126","NBA","223","SACBOS3182022","SACBOS3182022","","","","","","","","","","","",""
"-9","L","Chicago Bulls","2022-03-14T22:00:00","Final","9","W","Sacramento Kings","17717","112-103","NBA","215","SACCHI3142022","SACCHI3142022","","","","","","","","","","","",""
"6","W","Denver Nuggets","2022-03-09T22:00:00","Final","-6","L","Sacramento Kings","17681","100-106","NBA","206","SACDEN392022","SACDEN392022","","","","","","","","","","","",""
"9","W","Milwaukee Bucks","2022-03-16T22:00:00","Final","-9","L","Sacramento Kings","17734","126-135","NBA","261","SACMIL3162022","SACMIL3162022","","","","","","","","","","","",""
"3","W","Phoenix Suns","2022-03-20T18:00:00","F/OT","-3","L","Sacramento Kings","17757","124-127","NBA","251","SACPHO3202022","SACPHO3202022","","","","","","","","","","","",""
"11","W","Indiana Pacers","2022-03-12T20:00:00","Final","-11","L","San Antonio Spurs","17698","108-119","NBA","227","SAIND3122022","SAIND3122022","","","","","","","","","","","",""
"10","W","Minnesota Timberwolves","2022-03-14T20:30:00","Final","-10","L","San Antonio Spurs","17715","139-149","NBA","288","SAMIN3142022","SAMIN3142022","","","","","","","","","","","",""
"33","W","New Orleans Pelicans","2022-03-18T20:30:00","Final","-33","L","San Antonio Spurs","17745","91-124","NBA","215","SANO3182022","SANO3182022","","","","","","","","","","","",""
"-2","L","Oklahoma City Thunder","2022-03-16T20:30:00","Final","2","W","San Antonio Spurs","17731","122-120","NBA","242","SAOKC3162022","SAOKC3162022","","","","","","","","","","","",""
"15","W","Toronto Raptors","2022-03-09T20:30:00","Final","-15","L","San Antonio Spurs","17680","104-119","NBA","223","SATOR392022","SATOR392022","","","","","","","","","","","",""
"-2","L","Utah Jazz","2022-03-11T20:30:00","Final","2","W","San Antonio Spurs","17693","104-102","NBA","206","SAUTA3112022","SAUTA3112022","","","","","","","","","","","",""
"-3","L","Boston Celtics","2022-03-28T19:30:00","F/OT","3","W","Toronto Raptors","17818","115-112","NBA","227","TORBOS3282022","TORBOS3282022","","","","","","","","","","","",""
"-13","L","Cleveland Cavaliers","2022-03-24T19:30:00","Final","13","W","Toronto Raptors","17786","117-104","NBA","221","TORCLE3242022","TORCLE3242022","","","","","","","","","","","",""
"-40","L","Indiana Pacers","2022-03-26T19:30:00","Final","40","W","Toronto Raptors","17800","131-91","NBA","222","TORIND3262022","TORIND3262022","","","","","","","","","","","",""
"5","W","Los Angeles Lakers","2022-03-18T19:30:00","F/OT","-5","L","Toronto Raptors","17742","123-128","NBA","251","TORLAL3182022","TORLAL3182022","","","","","","","","","","","",""
"","","","","","","","","","","","","TORPHI4202022","TORPHI4202022","3","W","Philadelphia 76ers","2022-04-20T20:00:00","F/OT","-3","L","Toronto Raptors","18024","101-104","NBA","205"
"","","","","","","","","","","","","TORPHI4232022","TORPHI4232022","-8","L","Philadelphia 76ers","2022-04-23T14:00:00","Final","8","W","Toronto Raptors","18032","110-102","NBA","212"
"-15","L","Chicago Bulls","2022-03-16T21:00:00","Final","15","W","Utah Jazz","17732","125-110","NBA","235","UTACHI3162022","UTACHI3162022","","","","","","","","","","","",""
"","","","","","","","","","","","","UTADAL4212022","UTADAL4212022","8","W","Dallas Mavericks","2022-04-21T21:00:00","Final","-8","L","Utah Jazz","18027","118-126","NBA","244"
"","","","","","","","","","","","","UTADAL4232022","UTADAL4232022","-1","L","Dallas Mavericks","2022-04-23T16:30:00","Final","1","W","Utah Jazz","18033","100-99","NBA","199"
"-29","L","Los Angeles Clippers","2022-03-18T21:00:00","Final","29","W","Utah Jazz","17746","121-92","NBA","213","UTALAC3182022","UTALAC3182022","","","","","","","","","","","",""
"6","W","Milwaukee Bucks","2022-03-14T22:00:00","Final","-6","L","Utah Jazz","17719","111-117","NBA","228","UTAMIL3142022","UTAMIL3142022","","","","","","","","","","","",""
"-38","L","Portland Trail Blazers","2022-03-09T22:00:00","Final","38","W","Utah Jazz","17682","123-85","NBA","208","UTAPOR392022","UTAPOR392022","","","","","","","","","","","",""
"-9","L","Sacramento Kings","2022-03-12T21:00:00","Final","9","W","Utah Jazz","17702","134-125","NBA","259","UTASAC3122022","UTASAC3122022","","","","","","","","","","","",""
"13","W","Chicago Bulls","2022-03-29T19:00:00","Final","-13","L","Washington Wizards","17823","94-107","NBA","201","WASCHI3292022","WASCHI3292022","","","","","","","","","","","",""
"18","W","Denver Nuggets","2022-03-16T19:00:00","Final","-18","L","Washington Wizards","17724","109-127","NBA","236","WASDEN3162022","WASDEN3162022","","","","","","","","","","","",""
"-8","L","Golden State Warriors","2022-03-27T18:00:00","Final","8","W","Washington Wizards","17809","123-115","NBA","238","WASGS3272022","WASGS3272022","","","","","","","","","","","",""
"-8","L","Los Angeles Lakers","2022-03-19T20:00:00","Final","8","W","Washington Wizards","17752","127-119","NBA","246","WASLAL3192022","WASLAL3192022","","","","","","","","","","","",""